{"cameraMode":{"drawMode":0,"name":"Shaded","section":"Shading Mode"},"sceneLighting":false,"audioPlay":false,"sceneViewState":{"showFog":true,"showMaterialUpdate":false,"showSkybox":false,"showFlares":true,"showImageEffects":true,"showParticleSystems":true},"in2DMode":false,"pivot":{"x":14.476518630981446,"y":-7.569627285003662,"z":-6.219961166381836},"rotation":{"x":-0.12027957290410996,"y":-0.8722826838493347,"z":0.26869112253189089,"w":-0.3904713988304138},"size":26.07330894470215,"orthographic":false}