{"cameraMode":{"drawMode":0,"name":"Shaded","section":"Shading Mode"},"sceneLighting":false,"audioPlay":false,"sceneViewState":{"showFog":true,"showMaterialUpdate":false,"showSkybox":false,"showFlares":true,"showImageEffects":true,"showParticleSystems":true},"in2DMode":false,"pivot":{"x":18.45001220703125,"y":591.0999755859375,"z":0.0},"rotation":{"x":0.01980622112751007,"y":-0.010501576587557793,"z":0.0002049102185992524,"w":0.999764084815979},"size":56.56949234008789,"orthographic":false}