{"cameraMode":{"drawMode":0,"name":"Shaded","section":"Shading Mode"},"sceneLighting":false,"audioPlay":false,"sceneViewState":{"showFog":true,"showMaterialUpdate":false,"showSkybox":false,"showFlares":true,"showImageEffects":true,"showParticleSystems":true},"in2DMode":false,"pivot":{"x":0.9143905639648438,"y":3.3246288299560549,"z":0.8764133453369141},"rotation":{"x":0.07025771588087082,"y":-0.9292095303535461,"z":0.23955252766609193,"w":0.27253127098083498},"size":31.019922256469728,"orthographic":false}