{"cameraMode":{"drawMode":0,"name":"Shaded","section":"Shading Mode"},"sceneLighting":false,"audioPlay":false,"sceneViewState":{"showFog":true,"showMaterialUpdate":false,"showSkybox":false,"showFlares":true,"showImageEffects":true,"showParticleSystems":true},"in2DMode":false,"pivot":{"x":-0.3174861669540405,"y":1.3502603769302369,"z":0.06003326177597046},"rotation":{"x":0.19753563404083253,"y":0.7203919291496277,"z":-0.22783495485782624,"w":0.624605119228363},"size":6.379692077636719,"orthographic":false}