{"cameraMode":{"drawMode":0,"name":"Shaded","section":"Shading Mode"},"sceneLighting":false,"audioPlay":false,"sceneViewState":{"showFog":true,"showMaterialUpdate":false,"showSkybox":false,"showFlares":true,"showImageEffects":true,"showParticleSystems":true},"in2DMode":false,"pivot":{"x":-0.4478880763053894,"y":1.2480897903442383,"z":-0.763951301574707},"rotation":{"x":0.1601037234067917,"y":-0.013329561799764634,"z":0.002156756352633238,"w":0.9870215058326721},"size":9.318458557128907,"orthographic":false}