{"cameraMode":{"drawMode":0,"name":"Shaded","section":"Shading Mode"},"sceneLighting":false,"audioPlay":false,"sceneViewState":{"showFog":true,"showMaterialUpdate":false,"showSkybox":false,"showFlares":true,"showImageEffects":true,"showParticleSystems":true},"in2DMode":false,"pivot":{"x":36.20608901977539,"y":2.5596094131469728,"z":23.62313461303711},"rotation":{"x":0.01980622112751007,"y":-0.010501576587557793,"z":0.0002049102185992524,"w":0.999764084815979},"size":25.386686325073243,"orthographic":false}