{"cameraMode":{"drawMode":0,"name":"Shaded","section":"Shading Mode"},"sceneLighting":false,"audioPlay":false,"sceneViewState":{"showFog":true,"showMaterialUpdate":false,"showSkybox":false,"showFlares":true,"showImageEffects":true,"showParticleSystems":true},"in2DMode":false,"pivot":{"x":-1.0843119621276856,"y":4.843121528625488,"z":0.025018692016601564},"rotation":{"x":0.08349321037530899,"y":0.1296655535697937,"z":-0.010959280654788018,"w":0.9879879951477051},"size":29.370450973510743,"orthographic":false}