{"cameraMode":{"drawMode":0,"name":"Shaded","section":"Shading Mode"},"sceneLighting":false,"audioPlay":false,"sceneViewState":{"showFog":true,"showMaterialUpdate":false,"showSkybox":false,"showFlares":true,"showImageEffects":true,"showParticleSystems":true},"in2DMode":false,"pivot":{"x":0.05136370658874512,"y":0.28725743293762209,"z":-0.013629257678985596},"rotation":{"x":0.21169748902320863,"y":-0.001470225746743381,"z":0.00031492492416873574,"w":0.9773501753807068},"size":4.63271951675415,"orthographic":false}