{"cameraMode":{"drawMode":0,"name":"Shaded","section":"Shading Mode"},"sceneLighting":false,"audioPlay":false,"sceneViewState":{"showFog":true,"showMaterialUpdate":false,"showSkybox":false,"showFlares":true,"showImageEffects":true,"showParticleSystems":true},"in2DMode":false,"pivot":{"x":9.728515625,"y":1.473968267440796,"z":1.4591562747955323},"rotation":{"x":0.015724606812000276,"y":-0.6497231125831604,"z":-0.013444985263049603,"w":-0.7598901987075806},"size":13.46455192565918,"orthographic":false}