{"cameraMode":{"drawMode":0,"name":"Shaded","section":"Shading Mode"},"sceneLighting":false,"audioPlay":false,"sceneViewState":{"showFog":true,"showMaterialUpdate":false,"showSkybox":false,"showFlares":true,"showImageEffects":true,"showParticleSystems":true},"in2DMode":false,"pivot":{"x":0.0035595595836639406,"y":0.7514416575431824,"z":0.09101033210754395},"rotation":{"x":-0.21169695258140565,"y":0.6922564506530762,"z":-0.2246589958667755,"w":-0.6523135304450989},"size":5.365122318267822,"orthographic":false}