{"cameraMode":{"drawMode":0,"name":"Shaded","section":"Shading Mode"},"sceneLighting":false,"audioPlay":false,"sceneViewState":{"showFog":true,"showMaterialUpdate":false,"showSkybox":false,"showFlares":true,"showImageEffects":true,"showParticleSystems":true},"in2DMode":false,"pivot":{"x":-0.08122813701629639,"y":0.5514506101608276,"z":0.0},"rotation":{"x":0.17959144711494447,"y":-0.2407493144273758,"z":0.045376382768154147,"w":0.9527638554573059},"size":13.349153518676758,"orthographic":false}