{"cameraMode":{"drawMode":0,"name":"Shaded","section":"Shading Mode"},"sceneLighting":false,"audioPlay":false,"sceneViewState":{"showFog":true,"showMaterialUpdate":false,"showSkybox":false,"showFlares":true,"showImageEffects":true,"showParticleSystems":true},"in2DMode":false,"pivot":{"x":605.2424926757813,"y":324.43505859375,"z":116.31686401367188},"rotation":{"x":0.02218792587518692,"y":0.008095098659396172,"z":0.00017976501840166748,"w":-0.9997223019599915},"size":408.637451171875,"orthographic":false}