{"cameraMode":{"drawMode":0,"name":"Shaded","section":"Shading Mode"},"sceneLighting":false,"audioPlay":false,"sceneViewState":{"showFog":true,"showMaterialUpdate":false,"showSkybox":false,"showFlares":true,"showImageEffects":true,"showParticleSystems":true},"in2DMode":false,"pivot":{"x":10.354018211364746,"y":0.7033954858779907,"z":4.6466593742370609},"rotation":{"x":-0.19897866249084474,"y":0.7017420530319214,"z":-0.2150060087442398,"w":-0.6494282484054565},"size":2.1407177448272707,"orthographic":false}