{"cameraMode":{"drawMode":0,"name":"Shaded","section":"Shading Mode"},"sceneLighting":false,"audioPlay":false,"sceneViewState":{"showFog":true,"showMaterialUpdate":false,"showSkybox":false,"showFlares":true,"showImageEffects":true,"showParticleSystems":true},"in2DMode":false,"pivot":{"x":-2.0283613204956056,"y":0.09018422663211823,"z":-3.474578619003296},"rotation":{"x":0.03243662044405937,"y":0.7877960205078125,"z":-0.0416419692337513,"w":0.6136876344680786},"size":0.38207361102104189,"orthographic":false}