{"cameraMode":{"drawMode":0,"name":"Shaded","section":"Shading Mode"},"sceneLighting":false,"audioPlay":false,"sceneViewState":{"showFog":true,"showMaterialUpdate":false,"showSkybox":false,"showFlares":true,"showImageEffects":true,"showParticleSystems":true},"in2DMode":false,"pivot":{"x":121.55343627929688,"y":19.686431884765626,"z":335.9602966308594},"rotation":{"x":0.03243662044405937,"y":0.7877960205078125,"z":-0.0416419692337513,"w":0.6136876344680786},"size":18.233062744140626,"orthographic":false}