{"cameraMode":{"drawMode":0,"name":"Shaded","section":"Shading Mode"},"sceneLighting":false,"audioPlay":false,"sceneViewState":{"showFog":true,"showMaterialUpdate":false,"showSkybox":false,"showFlares":true,"showImageEffects":true,"showParticleSystems":true},"in2DMode":false,"pivot":{"x":0.6964097619056702,"y":1.5735676288604737,"z":0.6791400909423828},"rotation":{"x":0.16434504091739655,"y":-0.05028761923313141,"z":0.008388216607272625,"w":0.9851009845733643},"size":7.939010143280029,"orthographic":false}