{"cameraMode":{"drawMode":0,"name":"Shaded","section":"Shading Mode"},"sceneLighting":false,"audioPlay":false,"sceneViewState":{"showFog":true,"showMaterialUpdate":false,"showSkybox":false,"showFlares":true,"showImageEffects":true,"showParticleSystems":true},"in2DMode":false,"pivot":{"x":122.48110961914063,"y":19.558719635009767,"z":342.9210205078125},"rotation":{"x":-0.19897866249084474,"y":0.7017420530319214,"z":-0.2150060087442398,"w":-0.6494282484054565},"size":6.944199085235596,"orthographic":false}