{"cameraMode":{"drawMode":0,"name":"Shaded","section":"Shading Mode"},"sceneLighting":false,"audioPlay":false,"sceneViewState":{"showFog":true,"showMaterialUpdate":false,"showSkybox":false,"showFlares":true,"showImageEffects":true,"showParticleSystems":true},"in2DMode":false,"pivot":{"x":-1.2362117767333985,"y":5.545847415924072,"z":7.77120304107666},"rotation":{"x":-0.19897866249084474,"y":0.7017420530319214,"z":-0.2150060087442398,"w":-0.6494282484054565},"size":12.174420356750489,"orthographic":false}