{"cameraMode":{"drawMode":0,"name":"Shaded","section":"Shading Mode"},"sceneLighting":false,"audioPlay":false,"sceneViewState":{"showFog":true,"showMaterialUpdate":false,"showSkybox":false,"showFlares":true,"showImageEffects":true,"showParticleSystems":true},"in2DMode":false,"pivot":{"x":598.207275390625,"y":227.1273651123047,"z":-43.1468505859375},"rotation":{"x":-0.03418545797467232,"y":-0.0030017467215657236,"z":-0.00010502945951884612,"w":0.9994242191314697},"size":15.037874221801758,"orthographic":false}