{"cameraMode":{"drawMode":0,"name":"Shaded","section":"Shading Mode"},"sceneLighting":false,"audioPlay":false,"sceneViewState":{"showFog":true,"showMaterialUpdate":false,"showSkybox":false,"showFlares":true,"showImageEffects":true,"showParticleSystems":true},"in2DMode":false,"pivot":{"x":-0.321359246969223,"y":-1.0974855422973633,"z":1.068827509880066},"rotation":{"x":-0.6456113457679749,"y":0.06888731569051743,"z":-0.058651119470596316,"w":-0.7582886219024658},"size":7.198671340942383,"orthographic":false}