{"cameraMode":{"drawMode":0,"name":"Shaded","section":"Shading Mode"},"sceneLighting":false,"audioPlay":false,"sceneViewState":{"showFog":true,"showMaterialUpdate":false,"showSkybox":false,"showFlares":true,"showImageEffects":true,"showParticleSystems":true},"in2DMode":false,"pivot":{"x":0.09244918823242188,"y":3.8487768173217775,"z":-0.48990488052368166},"rotation":{"x":0.08120644092559815,"y":0.01793600805103779,"z":-0.0014629956567659975,"w":0.9965470433235169},"size":30.991071701049806,"orthographic":false}