{"cameraMode":{"drawMode":0,"name":"Shaded","section":"Shading Mode"},"sceneLighting":false,"audioPlay":false,"sceneViewState":{"showFog":true,"showMaterialUpdate":false,"showSkybox":false,"showFlares":true,"showImageEffects":true,"showParticleSystems":true},"in2DMode":false,"pivot":{"x":0.0035595595836639406,"y":0.7409080266952515,"z":0.0910104513168335},"rotation":{"x":-0.21169695258140565,"y":0.6922564506530762,"z":-0.2246589958667755,"w":-0.6523135304450989},"size":5.397396087646484,"orthographic":false}