{"cameraMode":{"drawMode":0,"name":"Shaded","section":"Shading Mode"},"sceneLighting":false,"audioPlay":false,"sceneViewState":{"showFog":true,"showMaterialUpdate":false,"showSkybox":false,"showFlares":true,"showImageEffects":true,"showParticleSystems":true},"in2DMode":false,"pivot":{"x":13.694785118103028,"y":-7.74123477935791,"z":-4.26155948638916},"rotation":{"x":0.19753563404083253,"y":0.7203919291496277,"z":-0.22783495485782624,"w":0.624605119228363},"size":31.212507247924806,"orthographic":false}