{"cameraMode":{"drawMode":0,"name":"Shaded","section":"Shading Mode"},"sceneLighting":false,"audioPlay":false,"sceneViewState":{"showFog":true,"showMaterialUpdate":false,"showSkybox":false,"showFlares":true,"showImageEffects":true,"showParticleSystems":true},"in2DMode":false,"pivot":{"x":539.552490234375,"y":-396.3163757324219,"z":1210.393310546875},"rotation":{"x":-0.24522244930267335,"y":-0.021232042461633683,"z":0.005372039042413235,"w":-0.9692204594612122},"size":1863.361083984375,"orthographic":false}