{"cameraMode":{"drawMode":0,"name":"Shaded","section":"Shading Mode"},"sceneLighting":false,"audioPlay":false,"sceneViewState":{"showFog":true,"showMaterialUpdate":false,"showSkybox":true,"showFlares":true,"showImageEffects":true,"showParticleSystems":true},"in2DMode":false,"pivot":{"x":569.9600219726563,"y":282.1411437988281,"z":2.463599920272827},"rotation":{"x":-0.07224436849355698,"y":0.008076240308582783,"z":-0.0005848683067597449,"w":-0.9973541498184204},"size":517.7084350585938,"orthographic":false}