{"cameraMode":{"drawMode":0,"name":"Shaded","section":"Shading Mode"},"sceneLighting":false,"audioPlay":false,"sceneViewState":{"showFog":true,"showMaterialUpdate":false,"showSkybox":true,"showFlares":true,"showImageEffects":true,"showParticleSystems":true},"in2DMode":false,"pivot":{"x":-4.47134256362915,"y":2.1266794204711916,"z":4.450858116149902},"rotation":{"x":-0.07224436849355698,"y":0.008076240308582783,"z":-0.0005848683067597449,"w":-0.9973541498184204},"size":9.0663480758667,"orthographic":false}