{"cameraMode":{"drawMode":0,"name":"Shaded","section":"Shading Mode"},"sceneLighting":false,"audioPlay":false,"sceneViewState":{"showFog":true,"showMaterialUpdate":false,"showSkybox":true,"showFlares":true,"showImageEffects":true,"showParticleSystems":true},"in2DMode":false,"pivot":{"x":6.86297607421875,"y":0.276580810546875,"z":6.242392539978027},"rotation":{"x":-0.19533196091651917,"y":-0.20942437648773194,"z":0.04273820295929909,"w":-0.957162618637085},"size":9.71130657196045,"orthographic":false}