{"cameraMode":{"drawMode":0,"name":"Shaded","section":"Shading Mode"},"sceneLighting":false,"audioPlay":false,"sceneViewState":{"showFog":true,"showMaterialUpdate":false,"showSkybox":true,"showFlares":true,"showImageEffects":true,"showParticleSystems":true},"in2DMode":false,"pivot":{"x":5.872771739959717,"y":1.3749964237213135,"z":14.198909759521485},"rotation":{"x":-0.07224436849355698,"y":0.008076240308582783,"z":-0.0005848683067597449,"w":-0.9973541498184204},"size":5.896483421325684,"orthographic":false}