{"cameraMode":{"drawMode":0,"name":"Shaded","section":"Shading Mode"},"sceneLighting":false,"audioPlay":false,"sceneViewState":{"showFog":true,"showMaterialUpdate":false,"showSkybox":true,"showFlares":true,"showImageEffects":true,"showParticleSystems":true},"in2DMode":false,"pivot":{"x":4.551326751708984,"y":1.6720912456512452,"z":7.17625617980957},"rotation":{"x":-0.07224436849355698,"y":0.008076240308582783,"z":-0.0005848683067597449,"w":-0.9973541498184204},"size":7.173152446746826,"orthographic":false}