{"cameraMode":{"drawMode":0,"name":"Shaded","section":"Shading Mode"},"sceneLighting":false,"audioPlay":false,"sceneViewState":{"showFog":true,"showMaterialUpdate":false,"showSkybox":true,"showFlares":true,"showImageEffects":true,"showParticleSystems":true},"in2DMode":false,"pivot":{"x":569.6502685546875,"y":284.4253845214844,"z":-1.6302261352539063},"rotation":{"x":-0.03030477836728096,"y":-0.006899744272232056,"z":0.00020929185848217458,"w":-0.9995169043540955},"size":22.589426040649415,"orthographic":false}