{"cameraMode":{"drawMode":0,"name":"Shaded","section":"Shading Mode"},"sceneLighting":false,"audioPlay":false,"sceneViewState":{"showFog":true,"showMaterialUpdate":false,"showSkybox":true,"showFlares":true,"showImageEffects":true,"showParticleSystems":true},"in2DMode":false,"pivot":{"x":-2.523617744445801,"y":2.5935583114624025,"z":13.044371604919434},"rotation":{"x":-0.07224436849355698,"y":0.008076240308582783,"z":-0.0005848683067597449,"w":-0.9973541498184204},"size":11.135848999023438,"orthographic":false}