{"cameraMode":{"drawMode":0,"name":"Shaded","section":"Shading Mode"},"sceneLighting":false,"audioPlay":false,"sceneViewState":{"showFog":true,"showMaterialUpdate":false,"showSkybox":true,"showFlares":true,"showImageEffects":true,"showParticleSystems":true},"in2DMode":false,"pivot":{"x":-60.64036560058594,"y":-233.46585083007813,"z":404.07989501953127},"rotation":{"x":-0.2591104209423065,"y":0.07004263997077942,"z":-0.01884392276406288,"w":-0.9631203413009644},"size":483.25830078125,"orthographic":false}